doc_id,dominant_topic,tokens_preview,topic_probability,topic_label
0,0,개정 편의 상품 정보 주사 메뉴 노출 쓰기,1.0,0_로그인_등록_인증_공동인증서
1,0,원활 비대면 가입 감사,0.9736027211333854,0_로그인_등록_인증_공동인증서
2,0,별점 신분증 인증 인증 성공 이동 로그인 필수 계좌인증 계좌 인증 번호 증권사 무한 버퍼링 종료 버퍼링 내용 개선,0.9347634324872376,0_로그인_등록_인증_공동인증서
3,0,무결성 검증 실패,0.7674821484682368,0_로그인_등록_인증_공동인증서
4,0,과거 시중 금융 비교 부분 디자인 기능 수고,1.0,0_로그인_등록_인증_공동인증서
5,0,신분증 등록 인증 이안,0.9861902098553795,0_로그인_등록_인증_공동인증서
6,0,파킹통장 금리,0.796208216268364,0_로그인_등록_인증_공동인증서
7,0,생각,0.9594323063026611,0_로그인_등록_인증_공동인증서
8,0,리뉴얼,0.9889881784702367,0_로그인_등록_인증_공동인증서
9,0,최고,0.9406067862517596,0_로그인_등록_인증_공동인증서
10,0,대출 신상품,1.0,0_로그인_등록_인증_공동인증서
11,0,시스템 개편 서비스,0.9523266636089198,0_로그인_등록_인증_공동인증서
12,0,개편 사용자 편의,0.6659408948907843,0_로그인_등록_인증_공동인증서
13,0,만족,0.9592154750556594,0_로그인_등록_인증_공동인증서
14,0,한국증권금융앱 직관,1.0,0_로그인_등록_인증_공동인증서
15,0,비밀번호 임시 비밀번호 로그인 이전 비밀번호,1.0,0_로그인_등록_인증_공동인증서
16,0,짜증 필요,1.0,0_로그인_등록_인증_공동인증서
17,0,메뉴 정리,0.9615053278614837,0_로그인_등록_인증_공동인증서
18,0,금리 좋아서 최근 편의 개선,0.703456142786162,0_로그인_등록_인증_공동인증서
19,0,도움,1.0,0_로그인_등록_인증_공동인증서
20,0,관리,0.9661945201333683,0_로그인_등록_인증_공동인증서
21,0,디자인,0.9757359959004852,0_로그인_등록_인증_공동인증서
22,0,안정 개선 전반 인터페이스 직관 앞으로 예정,0.849654467812122,0_로그인_등록_인증_공동인증서
23,0,평상시 편의 인터페이스 은행앱 비교 손색 금리 예정,0.9792543611782772,0_로그인_등록_인증_공동인증서
24,0,리뉴얼 편의,1.0,0_로그인_등록_인증_공동인증서
25,0,모바일뱅킹 최근 이전 현상 디자인 불편 이제 문제 해결 이미지 전반 현대 느낌 이전 인증 등록 오류 발생 스트레스 지금 부분 개선 사용자 입장 안정 환경 조성,0.9660441179429254,0_로그인_등록_인증_공동인증서
26,0,직관 대출 상품,1.0,0_로그인_등록_인증_공동인증서
27,0,리뉴얼 사용성,1.0,0_로그인_등록_인증_공동인증서
28,0,안정 공공기관 디자인 개선 와이드 예수금 금리 전체 만족도,0.7194243493909732,0_로그인_등록_인증_공동인증서
29,0,해진 거래,0.9476912102922503,0_로그인_등록_인증_공동인증서
30,0,원격조정앱 감지 앱인지 처리,0.9370695844555759,0_로그인_등록_인증_공동인증서
31,1,쓰레기,1.0,1_쓰레기 쓰레기_쓰레기 불량_희대_홈페이지 쓰레기
32,0,경험 관리 무한 로그인 환장,0.912483146418582,0_로그인_등록_인증_공동인증서
33,0,개설 신분증 신청 본인인증 무한 반복 기본 해결 정상,0.9521632424498216,0_로그인_등록_인증_공동인증서
34,0,최악 로그인 인증서 등록 대머리,1.0,0_로그인_등록_인증_공동인증서
35,0,거지 인증 리뷰 처음,1.0,0_로그인_등록_인증_공동인증서
36,0,이거 이전,1.0,0_로그인_등록_인증_공동인증서
37,0,가입 페이지 가입 버튼 조작 앱중 가입 처음,0.9277404430913235,0_로그인_등록_인증_공동인증서
38,0,가입 동의 동의,0.9645523576505541,0_로그인_등록_인증_공동인증서
39,0,최악,0.1880971467746486,0_로그인_등록_인증_공동인증서
40,0,공무원 구지,0.9491668080013463,0_로그인_등록_인증_공동인증서
41,0,그놈 인증 인증 별점,0.9288622782599883,0_로그인_등록_인증_공동인증서
42,0,지문 등록 방법 로그인 등록 오류 이상 시도 재설치,1.0,0_로그인_등록_인증_공동인증서
43,0,금융인증서 등록 로딩,1.0,0_로그인_등록_인증_공동인증서
44,0,사용자 입장 불편,0.2479761187886472,0_로그인_등록_인증_공동인증서
45,0,공동인증서 타기 관가 공유 불편 사이트 자체,0.9280072210057221,0_로그인_등록_인증_공동인증서
46,0,매매 매도 증상 복구 손해 보기 거래 주식 매도 대상 주식 선택 이틀,1.0,0_로그인_등록_인증_공동인증서
47,0,인터넷뱅킹 금융 정보,1.0,0_로그인_등록_인증_공동인증서
48,0,이상 개발자 당사자 메뉴 선택 로그인 로그인,0.9175014630283013,0_로그인_등록_인증_공동인증서
49,0,로그인 지옥 경험 쓰레기 구로 관리,1.0,0_로그인_등록_인증_공동인증서
50,0,돌이 로그인 거래 조회 인정 필요 마지막 원위치 뺑뺑이 인내력 시험 평가 성질 휴대폰 수도,1.0,0_로그인_등록_인증_공동인증서
51,0,로그인 이동 로그 인창 접근 조치,0.9114811167624072,0_로그인_등록_인증_공동인증서
52,0,회사 스팸앱 성의,0.9268073999326746,0_로그인_등록_인증_공동인증서
53,0,자동 로그 아웃 공동인증서 보내기 앱에서 로그인 하면 오류,1.0,0_로그인_등록_인증_공동인증서
54,0,EH,0.9759489762444159,0_로그인_등록_인증_공동인증서
55,0,바이오인증 오류 환장,0.948551541982576,0_로그인_등록_인증_공동인증서
56,0,최악 쓰레기 페이지 수준,0.6390507117590831,0_로그인_등록_인증_공동인증서
57,0,사주 단독 독점,0.9771247976147586,0_로그인_등록_인증_공동인증서
58,0,최악,0.18765734595647274,0_로그인_등록_인증_공동인증서
59,0,피드백 관리도 사용자 편의 보장,0.9108988757048051,0_로그인_등록_인증_공동인증서
60,1,쓰레기,1.0,1_쓰레기 쓰레기_쓰레기 불량_희대_홈페이지 쓰레기
61,0,원격조종앱 발견 앱인지 할거 친절,1.0,0_로그인_등록_인증_공동인증서
62,0,개발자 테스트 출시 로그인 정상 기타 조회 로그인,0.9418985208948735,0_로그인_등록_인증_공동인증서
63,0,비용,0.9720332986341303,0_로그인_등록_인증_공동인증서
64,0,평가 평가 로그인 하면 주기 고객정보 갱신 정보 갱신 입력 방법 인증 메세지 등록 인증센터 인증서 등록 고객정보 갱신 정보 갱신 로그인 자체 고객 자금 운영 회사 운영,0.96174897338196,0_로그인_등록_인증_공동인증서
65,0,최악,0.18769095539390593,0_로그인_등록_인증_공동인증서
66,0,불편 예외 처리 로그인 실패,1.0,0_로그인_등록_인증_공동인증서
67,0,처음,1.0,0_로그인_등록_인증_공동인증서
68,0,한국증권금융 홈페이지 수준 서버 문제 메뉴 클릭 다음 이동 수분,1.0,0_로그인_등록_인증_공동인증서
69,0,금융인증서 로그인 클릭 해도 진입,1.0,0_로그인_등록_인증_공동인증서
70,0,불편,0.24622723102447716,0_로그인_등록_인증_공동인증서
71,0,인간 하네 담당자 담당자 개발 테스트 안함 반복,0.9644376821718472,0_로그인_등록_인증_공동인증서
72,0,회원 가입 ID 로그 인후 인증센터 간편인증 비밀번호 설정 신분증 촬영 다음 다운 테스트 짜증,1.0,0_로그인_등록_인증_공동인증서
73,1,쓰레기 접합 니다 투자,1.0,1_쓰레기 쓰레기_쓰레기 불량_희대_홈페이지 쓰레기
74,0,이런앱 앞으로 최악,0.6436392423467476,0_로그인_등록_인증_공동인증서
75,0,로그인 인증 무한 반복 짜증 지대,1.0,0_로그인_등록_인증_공동인증서
76,0,할라 하면 로그인 로그인 인증서 센터 인증센터 인증 로그인 무한루프 반복 구로 불편,1.0,0_로그인_등록_인증_공동인증서
77,0,공동인증서 등록 계속 로그인 하고 공동인증서,0.9902534257186303,0_로그인_등록_인증_공동인증서
78,0,로그인 조회 회원 가입 이랑 본인인증 시키,0.916369966973764,0_로그인_등록_인증_공동인증서
79,0,인간 불편 터치 횟수 로딩 최소한 금융 비교 개선 중복 프로세스 인증서 발급 입력 버튼 약관 환장,0.9617960309660836,0_로그인_등록_인증_공동인증서
80,0,최악 세계 최악 순위 등극 수준 부끄러움,0.6391775033874083,0_로그인_등록_인증_공동인증서
81,0,인증서 발급 업무 처리 인증서 문제,1.0,0_로그인_등록_인증_공동인증서
82,0,대가리,0.9864100528691608,0_로그인_등록_인증_공동인증서
83,0,사용자 로그인 메뉴 이동 로그인 필요 로그인 버퍼 하루 종일 별점,0.9835035663731235,0_로그인_등록_인증_공동인증서
84,0,개막장앱 처음 해외 대출 연장 사투 초딩 개발자 오류 인증서 다운 비밀번호 관리 퇴사 아무도 신경 이유 고객 악플에 관리자 공지 고객 연체 자동 이체 신경 최악 반대 매매,0.9491835169554642,0_로그인_등록_인증_공동인증서
85,0,최악,0.18736254216660528,0_로그인_등록_인증_공동인증서
86,0,유발 그지,0.9783427365182912,0_로그인_등록_인증_공동인증서
87,0,극한,0.9876638680824148,0_로그인_등록_인증_공동인증서
88,0,대기 설치,1.0,0_로그인_등록_인증_공동인증서
89,0,서비스 아이 로그인 인증 방식 로그인 필요 인증 방식 등록 개인정보 변경 필요 개인정보 변경 인증 방식 로그인 오류 무한루프 짜증,0.959529019116038,0_로그인_등록_인증_공동인증서
90,0,타기관 공동인증서 등록 모발,1.0,0_로그인_등록_인증_공동인증서
91,0,거지 계좌 계속 중단 거지 밥통 증권사,0.9375728828513242,0_로그인_등록_인증_공동인증서
92,0,계좌 개설 관리 선택 전화 설치 별짓,1.0,0_로그인_등록_인증_공동인증서
93,0,해외 몇번을 온라인 주소 해외여행 기간 대출 기한,0.9606350375820663,0_로그인_등록_인증_공동인증서
94,0,구독 알람 설정,0.9145132128616384,0_로그인_등록_인증_공동인증서
95,0,성의 담당자,0.9796893085061242,0_로그인_등록_인증_공동인증서
96,0,인증 절차 오류 인증 계좌인증 오류로 다음 단계 불가 구려 예전,0.9629053681372666,0_로그인_등록_인증_공동인증서
97,0,우리사주,0.9769463636030665,0_로그인_등록_인증_공동인증서
98,1,쓰레기,1.0,1_쓰레기 쓰레기_쓰레기 불량_희대_홈페이지 쓰레기
99,1,불량,0.78279672725736,1_쓰레기 쓰레기_쓰레기 불량_희대_홈페이지 쓰레기
100,0,공동인증서 발급 인식,0.9832185005618951,0_로그인_등록_인증_공동인증서
101,1,쓰레기,1.0,1_쓰레기 쓰레기_쓰레기 불량_희대_홈페이지 쓰레기
102,0,해외,0.9647429602098976,0_로그인_등록_인증_공동인증서
103,0,금융인증서,1.0,0_로그인_등록_인증_공동인증서
104,0,공동인증서 등록 대출금,0.9769539975797862,0_로그인_등록_인증_공동인증서
105,0,개불,0.9774095336376801,0_로그인_등록_인증_공동인증서
106,0,불편,0.24853557499264325,0_로그인_등록_인증_공동인증서
107,0,설치 다운로드 과정 이상 조치 부탁,1.0,0_로그인_등록_인증_공동인증서
108,0,네트워크 연결 오류,0.7543896874432421,0_로그인_등록_인증_공동인증서
109,0,연장 건강보험 공단 API 연동 오류메시지,0.9356084213959847,0_로그인_등록_인증_공동인증서
110,0,간편인증 등록 페이지 가시 가독성 할거,0.9161028188517272,0_로그인_등록_인증_공동인증서
111,0,불가 불편,0.24797331778523624,0_로그인_등록_인증_공동인증서
112,0,성의,0.9907972051039385,0_로그인_등록_인증_공동인증서
113,0,로그인 이거 하면 달팽이 짜증 만당 절대 가입 관련 직접 체험 스트레스 빠이,0.9885975206513006,0_로그인_등록_인증_공동인증서
114,0,공동인증서 이건,1.0,0_로그인_등록_인증_공동인증서
115,0,로그인 도안,0.8987428554547423,0_로그인_등록_인증_공동인증서
116,0,옆집 중학생,0.9578724891301633,0_로그인_등록_인증_공동인증서
117,0,로그인 바이오인증 바이오 등록 완료 위치 지문 간편인증 등록 신분증 인증 간편인증 등록 버림,0.9597539917580417,0_로그인_등록_인증_공동인증서
118,0,증권사 공동인증서 인식,1.0,0_로그인_등록_인증_공동인증서
119,0,타기관 공동인증서 등록 발급 키움증권 공동인증서 폐기 인증서 발급 귀사 인증서 폐기,0.9839262737719517,0_로그인_등록_인증_공동인증서
120,0,개안,1.0,0_로그인_등록_인증_공동인증서
121,0,편의 안정 북한앱 부족 로그인 아이 비밀번호 타인 증서 등록 회사 직원 수준 대학동 아리 직원 오점 평점 평점 관리 공공기관 사기업 바랄,1.0,0_로그인_등록_인증_공동인증서
122,0,방법 유합 타기관 공동인증서 등록 금융 인증서 한국증권금융 타기관 인증서 모바일 이동 타기관 인증서 등록 개선,0.9485025716098976,0_로그인_등록_인증_공동인증서
123,0,증권사 불편 사주 주관 사가,1.0,0_로그인_등록_인증_공동인증서
124,0,공동인증서 설치 무지,0.9686920085142248,0_로그인_등록_인증_공동인증서
125,0,인증서 등록 하루 종일 낭비,1.0,0_로그인_등록_인증_공동인증서
126,0,와우 최고 공동인증서 분실 발급 이건 하늘 별따기 인증서 비밀번호 발행 하늘 별따기 방법 방법 인증서 분실 로그인,0.9435432905135973,0_로그인_등록_인증_공동인증서
127,0,최악 고객 생각 결여 편의 인증서 갱신 휴대폰 인증서 타기 관인 증서 발행 이상 취급 오류 최악,0.9841584318964705,0_로그인_등록_인증_공동인증서
128,0,공동인증서 등록 문제 에선 인터넷익스플로러 윈도우 익스플로러 인증서 등록,0.9882281766484662,0_로그인_등록_인증_공동인증서
129,0,공동인증서 등록 쓰레기,1.0,0_로그인_등록_인증_공동인증서
130,0,공동인증서 등록 조회,1.0,0_로그인_등록_인증_공동인증서
131,0,불편,0.24708267787866317,0_로그인_등록_인증_공동인증서
132,0,최악 설치,0.18732479702156551,0_로그인_등록_인증_공동인증서
133,0,외국 신청 방법,0.9624814424774618,0_로그인_등록_인증_공동인증서
134,0,비밀번호 변경 비밀번호,1.0,0_로그인_등록_인증_공동인증서
135,0,다운로드,1.0,0_로그인_등록_인증_공동인증서
136,0,감사,0.9513716590440945,0_로그인_등록_인증_공동인증서
137,0,시세 정보,0.9785192423957346,0_로그인_등록_인증_공동인증서
138,0,공동인증서 등록,1.0,0_로그인_등록_인증_공동인증서
139,0,쓰레기 뱅킹 마이너스 개발 시대 역행,0.9829676397296477,0_로그인_등록_인증_공동인증서
140,0,설치,1.0,0_로그인_등록_인증_공동인증서
141,0,사용성,1.0,0_로그인_등록_인증_공동인증서
142,0,설치 제거 설치 계속,0.957991328142702,0_로그인_등록_인증_공동인증서
143,0,외국 네트워크 오류로 시도 재설치 도하,0.98603603436861,0_로그인_등록_인증_공동인증서
144,0,이자,1.0,0_로그인_등록_인증_공동인증서
145,0,요즘 세대,0.973831771511413,0_로그인_등록_인증_공동인증서
146,0,설치 어제,0.9621904010075134,0_로그인_등록_인증_공동인증서
147,0,업뎃했는데 사용자 편의 고민,1.0,0_로그인_등록_인증_공동인증서
148,0,공공기관 그런지 사용자 편의,0.6805788712264145,0_로그인_등록_인증_공동인증서
149,0,증권 회사 불편,0.25044316415912654,0_로그인_등록_인증_공동인증서
150,0,영국 다운로드 상태,1.0,0_로그인_등록_인증_공동인증서
151,0,사우디 증권사 은행,1.0,0_로그인_등록_인증_공동인증서
152,0,불편,0.24659091095455823,0_로그인_등록_인증_공동인증서
153,0,신분증,0.944703591659447,0_로그인_등록_인증_공동인증서
154,0,공동인증서 발행 신분증 사진 인식 테스트 의심,0.9877305273976484,0_로그인_등록_인증_공동인증서
155,0,컨텐츠 다운로드 메세지 네트워크 오류,1.0,0_로그인_등록_인증_공동인증서
156,0,설치 일인자,1.0,0_로그인_등록_인증_공동인증서
157,0,이제 다운로드,1.0,0_로그인_등록_인증_공동인증서
158,0,거지 사진 인증 오류 인내심 테스트,0.951231393553729,0_로그인_등록_인증_공동인증서
159,0,감사,0.9540265392063324,0_로그인_등록_인증_공동인증서
160,0,한국 금융기관 사용성 최악 시대 흐름 고객 편의 생각,1.0,0_로그인_등록_인증_공동인증서
161,0,예전 쓰기 대출 관련 신규 내용,1.0,0_로그인_등록_인증_공동인증서
162,0,안드로이드 은행앱,1.0,0_로그인_등록_인증_공동인증서
163,0,안드로이드 업그레이드,1.0,0_로그인_등록_인증_공동인증서
164,0,쓰레기 주소지 적용 가입 불가 주소 적용,0.9285545721336269,0_로그인_등록_인증_공동인증서
165,0,역대 최악 필요,0.6415718473073093,0_로그인_등록_인증_공동인증서
166,0,설치,1.0,0_로그인_등록_인증_공동인증서
167,0,업그레이드,1.0,0_로그인_등록_인증_공동인증서
168,0,베리,1.0,0_로그인_등록_인증_공동인증서
169,0,관리 주소,0.9541100140312012,0_로그인_등록_인증_공동인증서
170,0,인증서 갱신 오류 나니,0.9451304883325823,0_로그인_등록_인증_공동인증서
171,1,완전 쓰레기,0.6935718405778019,1_쓰레기 쓰레기_쓰레기 불량_희대_홈페이지 쓰레기
172,0,금리 주식 담보 대출 우리사주 담보 대출 모바일 할인 마이너스 금리,1.0,0_로그인_등록_인증_공동인증서
173,0,다운로드,1.0,0_로그인_등록_인증_공동인증서
174,0,다운,0.9619612569723532,0_로그인_등록_인증_공동인증서
175,0,체크 오류 잠시 후시 메세지,0.9782316406217896,0_로그인_등록_인증_공동인증서
176,0,모양 정상,0.9784600131276748,0_로그인_등록_인증_공동인증서
177,0,최고,0.943109956241079,0_로그인_등록_인증_공동인증서
178,0,매도 상환 요새 사내 거래,0.9397560244820888,0_로그인_등록_인증_공동인증서
179,0,대출 조회 관리자 방치 데이터 소비 회사 서무,0.9809124846576521,0_로그인_등록_인증_공동인증서
180,0,불편 로그인,0.9849464936352015,0_로그인_등록_인증_공동인증서
181,0,기획자 미인,0.9928683230686228,0_로그인_등록_인증_공동인증서
182,0,한국증권금융 모바일 도입 우리사주 담보 대출 반대 대출 금리 이벤트 사용법,1.0,0_로그인_등록_인증_공동인증서
183,0,최악,0.18762078113015968,0_로그인_등록_인증_공동인증서
184,0,대출 아무것,1.0,0_로그인_등록_인증_공동인증서
185,0,모바일,1.0,0_로그인_등록_인증_공동인증서
186,0,금리 증권 담보 대출 금리 완전 수시 예금 조건 국내 금융기관 제일 조건,1.0,0_로그인_등록_인증_공동인증서
187,0,공동인증서 비밀번호 입력,1.0,0_로그인_등록_인증_공동인증서
188,0,우리사주 제도 안내 해설 우리사주 조합 결성 운영 우리사주 예탁 관리 우리사주 조합원 예탁 주식 관리 우리사주 예탁 주식 이용한 담보 대출 우리사주 예정 직장인 필요 회사 성장 우,1.0,0_로그인_등록_인증_공동인증서
189,0,창구 계좌 인증,1.0,0_로그인_등록_인증_공동인증서
190,0,외부 그동안 뱅킹앱 업무 처리 뱅킹 방문 출시 다운 디자인 기능 이제 번창,0.9790597921504111,0_로그인_등록_인증_공동인증서
191,0,오오 모바일 처음 적응 도움,1.0,0_로그인_등록_인증_공동인증서
192,0,한국증권금융 뱅킹 우리사주 관리 부자,1.0,0_로그인_등록_인증_공동인증서
193,0,조작,1.0,0_로그인_등록_인증_공동인증서
194,0,블랙앱 설치 장비 라고 보안 책상 종료 블랙앱 블랙앱이라 루팅,0.9771184462530601,0_로그인_등록_인증_공동인증서
195,0,모바일 처음 메뉴 접근,1.0,0_로그인_등록_인증_공동인증서
196,0,한국증권금융 모바일,1.0,0_로그인_등록_인증_공동인증서
197,0,뱅킹,0.9355542599865851,0_로그인_등록_인증_공동인증서
198,0,거래,0.9661171330654733,0_로그인_등록_인증_공동인증서
199,0,최고,0.9422801531477693,0_로그인_등록_인증_공동인증서
200,0,최고,0.9398026488736021,0_로그인_등록_인증_공동인증서
201,0,모바일 서비스 디자인 핸드폰,1.0,0_로그인_등록_인증_공동인증서
202,0,우리사주,0.977921672640156,0_로그인_등록_인증_공동인증서
203,0,우리사주 국내 유일 전문 서비스,0.7111165506490004,0_로그인_등록_인증_공동인증서
204,0,우리사주 전담 기관 사주 현황 대출 만족,0.940295219900162,0_로그인_등록_인증_공동인증서
205,0,글자 현상 최적화 필요,0.9945797994317545,0_로그인_등록_인증_공동인증서
206,0,해진 커서 읽기,0.9616914966326271,0_로그인_등록_인증_공동인증서
207,0,네오 대출 가입,0.9432745420967539,0_로그인_등록_인증_공동인증서
208,0,오류,0.9883118264886435,0_로그인_등록_인증_공동인증서
209,0,모바일 담보 대출 상품 고객 맞춤 생각 앞으로 개선,0.9697596637320414,0_로그인_등록_인증_공동인증서
210,0,완전 쓰레기 잔고 조회 로그인 로그인 하면 로그인 설계,0.9140997608384349,0_로그인_등록_인증_공동인증서
211,0,개선 부탁,0.9723175768265134,0_로그인_등록_인증_공동인증서
212,0,쓰기 해진,0.9899024043100876,0_로그인_등록_인증_공동인증서
213,1,쓰레기,1.0,1_쓰레기 쓰레기_쓰레기 불량_희대_홈페이지 쓰레기
214,0,동도,0.9903790736298504,0_로그인_등록_인증_공동인증서
215,0,반응 속도,0.9860466166322993,0_로그인_등록_인증_공동인증서
216,0,디자인,0.9723262515381889,0_로그인_등록_인증_공동인증서
217,0,디자인 전반 변경 개선,0.9635047675387702,0_로그인_등록_인증_공동인증서
218,0,말이 최적화 수준,0.983721628246609,0_로그인_등록_인증_공동인증서
219,0,관리 요즘 트렌드 오류,0.9810051808337272,0_로그인_등록_인증_공동인증서
220,0,요즘 개편 해진,0.9838239328432454,0_로그인_등록_인증_공동인증서
221,0,인증 로그인 설치 작동 메뉴 불편 금융 처음 사주,0.9347633064638082,0_로그인_등록_인증_공동인증서
222,0,현상,0.9870392271402184,0_로그인_등록_인증_공동인증서
223,0,강제 종료,1.0,0_로그인_등록_인증_공동인증서
224,0,상품 가시,1.0,0_로그인_등록_인증_공동인증서
225,0,구식 얼마 은행 카드 형식,0.9575682780214612,0_로그인_등록_인증_공동인증서
226,0,불편 개선 감사,0.9547492057236553,0_로그인_등록_인증_공동인증서
227,0,가입 아이 입력 가입 가입 정보 조회 지도 모바일 공지,1.0,0_로그인_등록_인증_공동인증서
228,0,로그인,0.8989912393509221,0_로그인_등록_인증_공동인증서
229,0,조합원 회원 가입 비밀번호 조건 앱에서 가입 본인인증 ID 입력 단계 종료 오류,1.0,0_로그인_등록_인증_공동인증서
230,0,리뷰 반성 인증 성질 사용자 입장 생각,0.9868348165418116,0_로그인_등록_인증_공동인증서
231,0,인증서 그지 대학교 실습 작품,1.0,0_로그인_등록_인증_공동인증서
232,0,업무,0.9741927236990005,0_로그인_등록_인증_공동인증서
233,0,일주일,0.9710276633225474,0_로그인_등록_인증_공동인증서
234,0,최악 인증 마지막 오류 기화 오류,0.6468456684422564,0_로그인_등록_인증_공동인증서
235,0,분노 유발이 목적 대상,0.9905046200628037,0_로그인_등록_인증_공동인증서
236,0,제가 리뷰 개발자 의심,0.9844524498522381,0_로그인_등록_인증_공동인증서
237,0,인증 초기 짜증,0.981631477102902,0_로그인_등록_인증_공동인증서
238,0,인증서 하루 인증 주민 번호 입력,0.9846542331699131,0_로그인_등록_인증_공동인증서
239,0,처음 오류 처음,1.0,0_로그인_등록_인증_공동인증서
240,0,신분증 카메라 권한 신청 신청,0.9842143089235276,0_로그인_등록_인증_공동인증서
241,0,금융인증서 등록 3년,0.9946313021687819,0_로그인_등록_인증_공동인증서
242,0,우리사주 로그인 실패 회원 가입 비밀번호 연속 숫자 하면 처음 나가 타기관 금융인증서 공동인증서 네이버 인증 간편인증 삭제,0.9861136379998706,0_로그인_등록_인증_공동인증서
243,0,로그인 하면 로딩 유지 보수,0.9051902822216977,0_로그인_등록_인증_공동인증서
244,0,로그인 ID 로그인 하면 로그인 필요 로그인 안내 마찬가지 불가 쓸모,0.949119450331017,0_로그인_등록_인증_공동인증서
245,0,관리,0.9655254901608255,0_로그인_등록_인증_공동인증서
246,0,인증 서도 등록 시도 지금 계좌 본인인증 다음 단계 인내심 시험,0.9507438171057957,0_로그인_등록_인증_공동인증서
247,0,관리 슈킹,1.0,0_로그인_등록_인증_공동인증서
248,0,가입 인증센터 등록 통과 오류 불이 개발 고소,1.0,0_로그인_등록_인증_공동인증서
249,0,다운 개선 부탁,0.9584546664722591,0_로그인_등록_인증_공동인증서
250,0,인증,0.9387903918205924,0_로그인_등록_인증_공동인증서
251,0,긴급 조치,0.9759908864039116,0_로그인_등록_인증_공동인증서
252,0,테스트 안해 보나 개발비 문제 감독 수하 최악,0.6503618781660184,0_로그인_등록_인증_공동인증서
253,0,로딩,0.9827720403127796,0_로그인_등록_인증_공동인증서
254,1,희대 쓰레기 요즘,1.0,1_쓰레기 쓰레기_쓰레기 불량_희대_홈페이지 쓰레기
255,0,오류,0.9871814926178648,0_로그인_등록_인증_공동인증서
256,0,대출 연장 인증 로그인 해외 로밍 기가 인생 최악 대기업 총괄 책임자 마라 앱이지,0.9515123520242882,0_로그인_등록_인증_공동인증서
257,0,증권사 최적화 개판 인증 오류 공동인증서 신규 발급 영업점 방문 할거 그전 본인인증 인증 번호 똥개 훈련 짓거리,0.9516188889357201,0_로그인_등록_인증_공동인증서
258,0,1월30일 기준 종료,1.0,0_로그인_등록_인증_공동인증서
259,0,해도 해도,1.0,0_로그인_등록_인증_공동인증서
260,0,우리사주 저질 오브 저질,1.0,0_로그인_등록_인증_공동인증서
261,1,쓰레기 쓰레기,1.0,1_쓰레기 쓰레기_쓰레기 불량_희대_홈페이지 쓰레기
262,0,공동인증서,0.9761345211592359,0_로그인_등록_인증_공동인증서
263,0,오류 완료,1.0,0_로그인_등록_인증_공동인증서
264,0,회원 가입 동의,0.9626240421702679,0_로그인_등록_인증_공동인증서
265,0,은행 증권사 금융인증서 이체 오픈 뱅킹 업체 일련번호 필요 스마트 OTP 일련번호 이체 절차,1.0,0_로그인_등록_인증_공동인증서
266,0,리뷰 리뷰 바이오인증 등록 인증 ID 로만 로그인,0.9524312745573648,0_로그인_등록_인증_공동인증서
267,0,로직 거지 로그인 인증서 인증서 로그인 분노,0.9900634793140061,0_로그인_등록_인증_공동인증서
268,0,고객 멘탈 부시 인터페이스 하나하나 직조 금지,0.9365526970276954,0_로그인_등록_인증_공동인증서
269,1,홈페이지 쓰레기 쓰레기,0.4531040358281738,1_쓰레기 쓰레기_쓰레기 불량_희대_홈페이지 쓰레기
270,0,등록 공동인증서 필요 등록 고객정보 개발 장난,1.0,0_로그인_등록_인증_공동인증서
271,0,고생,0.9763034279133163,0_로그인_등록_인증_공동인증서
272,0,타기관 인증서 등록 로그인 로그인 공동인증서 공동인증서 타기관 공동인증서 등록 거지 쓰레기 경우 비밀번호 로그인,0.9684170194005202,0_로그인_등록_인증_공동인증서
273,0,인증 과정 세션 종료 쿠키 설정 변경 검색,0.9135391732188198,0_로그인_등록_인증_공동인증서
274,0,개발자 반성,0.9502202528402496,0_로그인_등록_인증_공동인증서
275,0,생체 인증 등록 고객 제도 정보 갱신 정보 갱신 입력 최소 공동인증서 이상 드러워 공동인증서 금융인증서 복사 고객 제도 갱신 공동인증서 미친놈 고객 제도 갱신 인증서 고객 제도 갱,0.9727489062169046,0_로그인_등록_인증_공동인증서
276,0,회원 가입 단계 오류 말라,0.9860395314468696,0_로그인_등록_인증_공동인증서
277,0,리뷰 처음 오류 응답 지도 요즘 세대 쓰레기 기업 운영 어이,0.9732342277428607,0_로그인_등록_인증_공동인증서
278,0,고객정보 인증 로그인 방식 확정 고객정보 확정 메뉴 선택 고객정보 확정 아이 비밀번호 로그인,1.0,0_로그인_등록_인증_공동인증서
279,0,거도,1.0,0_로그인_등록_인증_공동인증서
280,0,타기 관인 증서 등록 완료 메세지 관련 내용 공지 한국증권금융,0.9763148244450729,0_로그인_등록_인증_공동인증서
281,0,오류로 지연,1.0,0_로그인_등록_인증_공동인증서
282,0,최소한 시스템 구축,0.9645229453738016,0_로그인_등록_인증_공동인증서
283,0,인증서 갱신 공동인증서 만기,1.0,0_로그인_등록_인증_공동인증서
284,0,아이폰 탈옥 단말 라고,0.9618368097178542,0_로그인_등록_인증_공동인증서
285,0,불안정,0.9598282351165651,0_로그인_등록_인증_공동인증서
286,0,패스 인증,0.9393898734959163,0_로그인_등록_인증_공동인증서
287,0,오류 수고 아이폰 패스 인증 인증 짜증 금융감독원 감독,0.9566447012586259,0_로그인_등록_인증_공동인증서
288,0,사이트 플러그인 설치 요청,1.0,0_로그인_등록_인증_공동인증서
289,0,금융인증서 설정,1.0,0_로그인_등록_인증_공동인증서
290,0,금융인증서 작동,1.0,0_로그인_등록_인증_공동인증서
291,0,타기관 공동인증서 등록 이유,1.0,0_로그인_등록_인증_공동인증서
292,0,설치 조치,1.0,0_로그인_등록_인증_공동인증서
293,0,등록 공동인증서,0.9892225311746528,0_로그인_등록_인증_공동인증서
294,1,쓰레기,1.0,1_쓰레기 쓰레기_쓰레기 불량_희대_홈페이지 쓰레기
295,0,라고 얼마 하청,1.0,0_로그인_등록_인증_공동인증서
296,0,대체 방치,0.9905982561000035,0_로그인_등록_인증_공동인증서
297,0,프로그레스 돌고,1.0,0_로그인_등록_인증_공동인증서
298,0,증권 거래 피해 보상 당장 복구,0.9442309186258421,0_로그인_등록_인증_공동인증서
299,0,지난주,0.989617649869911,0_로그인_등록_인증_공동인증서
300,0,표시 다음,1.0,0_로그인_등록_인증_공동인증서
301,0,아이폰 개선,0.9773868232266146,0_로그인_등록_인증_공동인증서
302,0,모래시계,0.9716169333867782,0_로그인_등록_인증_공동인증서
303,0,아이폰 인증서,0.9563595310118357,0_로그인_등록_인증_공동인증서
304,0,부서 외부 감사 탈탈,0.9312016034388562,0_로그인_등록_인증_공동인증서
305,0,조회 로그인,0.9039919668007069,0_로그인_등록_인증_공동인증서
306,0,타사 등록,0.9576975923293283,0_로그인_등록_인증_공동인증서
307,0,최적화,1.0,0_로그인_등록_인증_공동인증서
308,0,변조 종료 메세지,0.9683240275614037,0_로그인_등록_인증_공동인증서
309,0,변조,0.9844954816422473,0_로그인_등록_인증_공동인증서
310,1,쓰레기,1.0,1_쓰레기 쓰레기_쓰레기 불량_희대_홈페이지 쓰레기
311,0,인터넷뱅킹 모바일뱅킹 핸드폰 업무,1.0,0_로그인_등록_인증_공동인증서
312,0,기존 컴퓨터 조회 외부 불편 모바일뱅킹 오픈 우리사주 조회 앞으로 업그레이드 해주시,1.0,0_로그인_등록_인증_공동인증서
313,0,디자인,0.9762644444068314,0_로그인_등록_인증_공동인증서
314,0,로그인 도화면 소리 쓰레기,0.9810539325304379,0_로그인_등록_인증_공동인증서
315,0,한눈 인간 본성 구성 우리사주 부분 개발자 미래 카카오톡 위치,0.9838924927270296,0_로그인_등록_인증_공동인증서
316,0,하네,1.0,0_로그인_등록_인증_공동인증서
